,size,packages,files
count,119.0,119.0,119.0
mean,19.2531435882353,24.307320798319324,16.567920605042016
std,19.411075178330208,20.315169091103026,14.751883873990895
min,0.153675,0.386349,0.909091
25%,6.3936395,10.038759500000001,7.547459
50%,11.900908,20.689655,13.053435
75%,24.448323000000002,33.333333,20.027855000000002
max,88.167939,100.0,100.0
