,size,packages,files
count,121.0,121.0,121.0
mean,19.27773248760331,24.023026669421487,16.867833743801654
std,19.751332673647045,20.366099732207896,15.360972958751134
min,0.153675,0.136986,0.909091
25%,5.533684,9.734513,7.52394
50%,11.648389,20.183486,13.043478
75%,24.113549,33.333333,20.05571
max,88.167939,100.0,100.0
