,Waitgroup,Add(const),Add(x),Done(),Wait()
count,95.0,95.0,95.0,95.0,95.0
mean,16.263157894736842,15.621052631578948,2.568421052631579,19.936842105263157,16.96842105263158
std,30.345251136172152,31.01172700199292,5.536441424833817,37.04477179820638,32.686926474877076
min,1.0,0.0,0.0,0.0,1.0
25%,2.0,2.0,0.0,3.0,2.5
50%,5.0,5.0,1.0,7.0,5.0
75%,14.0,14.0,2.5,17.0,13.5
max,193.0,210.0,33.0,220.0,197.0
