,Waitgroup,Add(const),Add(x),Done(),Wait()
count,95.0,95.0,95.0,95.0,95.0
mean,1.3968515684210525,1.467228452631579,0.19565268421052634,1.813574347368421,1.4648443157894735
std,2.6503139218125535,3.609367403703363,0.4430024839038058,3.7213201233015982,2.738941228332367
min,0.100361,0.0,0.0,0.0,0.100361
25%,0.42867200000000005,0.33325,0.0,0.462214,0.4227845
50%,0.88968,0.676336,0.026799,1.003512,0.862887
75%,1.3043655,1.2354829999999999,0.2293715,1.6759035,1.394774
max,24.038462,33.653846,3.407155,33.653846,24.038462
